Date,Trips over the past 24-hours (midnight to 11:59pm),Miles traveled today (midnight to 11:59 pm),Total Annual Members (All Time),24-Hour Passes Purchased (midnight to 11:59 pm),3-Day Passes Purchased (midnight to 11:59 pm)
1/1/17,16009,50761,206624,1237,33
1/2/17,8921,21545,206675,142,15
1/3/17,14198,25879,206728,42,15
1/4/17,34039,69966,206778,475,29
1/5/17,28393,52446,206845,214,17
1/6/17,24177,48964,206879,157,17
1/7/17,4425,23556,206892,21,4
1/8/17,6417,22756,206907,27,2
1/9/17,15856,35209,206933,30,2
1/10/17,23232,46216,206955,67,12
1/11/17,32419,63099,206981,208,37
1/12/17,39783,84763,207021,479,30
1/13/17,33611,75847,207059,373,43
1/14/17,13819,43090,207087,252,33
1/15/17,17384,50738,207120,476,19
1/16/17,24110,51664,207163,448,30
1/17/17,18646,40697,207198,63,15
1/18/17,30857,57978,207224,146,17
1/19/17,36561,72077,207262,391,27
1/20/17,26752,56479,207288,184,19
1/21/17,26610,64662,207336,957,31
1/22/17,20523,49368,207368,520,25
1/23/17,15822,37687,207399,54,20
1/24/17,13171,35619,207414,28,5
1/25/17,36931,71418,207453,301,29
1/26/17,33002,63750,207501,223,28
1/27/17,32394,70189,207540,231,23
1/28/17,21302,53955,207567,402,25
1/29/17,22527,62854,207620,585,26
1/30/17,29616,59975,207673,163,32
1/31/17,25169,48684,207706,62,19
2/1/17,35221,77639,207749,194,22
2/2/17,34517,70727,207793,216,27
2/3/17,29632,64701,207825,181,32
2/4/17,19204,45120,207861,413,14
2/5/17,20059,50532,207890,337,19
2/6/17,33415,72513,207930,305,49
2/7/17,23053,57760,207962,54,17
2/8/17,40428,90430,208011,483,32
2/9/17,0,0,208018,0,0
2/10/17,1997,8344,208030,15,1
2/11/17,8959,26272,208037,170,13
2/12/17,5801,26468,208054,26,5
2/13/17,23857,58710,208076,72,18
2/14/17,29668,78530,208099,154,16
2/15/17,32052,72383,208137,170,30
2/16/17,29120,63551,208163,104,16
2/17/17,28735,67530,208200,247,37
2/18/17,30571,99126,208258,2078,114
2/19/17,36963,125166,208347,3746,122
2/20/17,32292,91412,208436,1512,75
2/21/17,32643,84767,208516,308,48
2/22/17,38119,90651,208594,439,36
2/23/17,42434,98554,208658,828,88
2/24/17,47031,117155,208767,1534,119
2/25/17,33345,104309,208886,2035,77
2/26/17,24713,75196,208966,849,33
2/27/17,35984,80194,209035,388,42
2/28/17,41835,92642,209119,504,60
3/1/17,40592,85944,209229,393,51
3/2/17,35739,73839,209310,320,44
3/3/17,31105,68702,209370,292,39
3/4/17,15646,43108,209404,252,14
3/5/17,15919,50924,209451,312,22
3/6/17,32467,72776,209536,321,39
3/7/17,29683,63654,209587,181,29
3/8/17,43470,101573,209656,694,55
3/9/17,45251,99450,209728,764,34
3/10/17,18412,41971,209758,95,15
3/11/17,15185,48379,209781,183,27
3/12/17,13442,38114,209799,167,9
3/13/17,27417,58768,209827,205,14
3/14/17,0,0,209843,0,0
3/15/17,0,0,209859,0,0
3/16/17,0,0,209870,0,0
3/17/17,7098,25393,209888,151,15
3/18/17,4106,17446,209910,93,6
3/19/17,10550,33344,209943,339,21
3/20/17,27378,60363,210002,288,21
3/21/17,36824,78104,210073,479,47
3/22/17,26927,55713,210121,140,15
3/23/17,29885,74345,210160,291,25
3/24/17,34019,82681,210199,485,39
3/25/17,29647,86293,210267,1721,60
3/26/17,19893,55139,210318,546,30
3/27/17,26301,59614,210388,318,40
3/28/17,21590,46003,210448,91,20
3/29/17,42430,91525,210559,830,97
3/30/17,39746,91041,210623,669,61
3/31/17,6946,23462,210670,20,5
4/1/17,23849,67299,210739,767,43
4/2/17,39779,130087,210915,3639,58
4/3/17,43484,104217,211075,970,68
4/4/17,29990,63091,211171,183,23
4/5/17,47635,108281,211310,1192,59
4/6/17,18020,44411,211362,67,12
4/7/17,35779,81358,211440,456,43
4/8/17,35936,108886,211589,2719,83
4/9/17,43895,137240,211806,4390,114
4/10/17,50422,124356,212050,2164,139
4/11/17,57309,150222,212298,2699,135
4/12/17,51188,113959,212484,1493,108
4/13/17,52915,131228,212648,2388,129
4/14/17,52230,149382,212812,3451,273
4/15/17,42531,134526,212950,3981,235
4/16/17,48137,157912,213172,6143,361
4/17/17,53247,127619,213385,2019,234
4/18/17,53809,126129,213580,1624,194
4/19/17,45788,97587,213703,738,55
4/20/17,44260,108427,213819,1065,172
4/21/17,39868,92348,213913,1194,129
4/22/17,34596,101444,214028,5173,102
4/23/17,49106,142563,214278,4541,420
4/24/17,48692,103241,214462,1143,123
4/25/17,20332,47829,214552,201,36
4/26/17,37727,81859,214654,595,109
4/27/17,52035,122394,214793,1412,266
4/28/17,62199,163665,214965,2963,458
4/29/17,57701,180290,215219,5699,562
4/30/17,42928,125305,215455,2921,340
5/1/17,56218,136675,215724,1813,311
5/2/17,61205,142585,216017,1827,309
5/3/17,59251,141936,216239,1537,247
5/4/17,57428,144583,216436,1626,239
5/5/17,24009,58278,216535,355,52
5/6/17,46616,127879,216768,3349,363
5/7/17,34293,90625,216928,1921,196
5/8/17,51553,114260,217147,1230,253
5/9/17,56461,118257,217341,1179,199
5/10/17,58452,136080,217512,1362,225
5/11/17,57208,135699,217673,1313,205
5/12/17,56671,132477,217840,1784,189
5/13/17,5704,28193,217905,117,0
5/14/17,38729,114819,218120,2664,222
5/15/17,54715,129870,218356,1279,185
5/16/17,64504,157411,218690,1850,283
5/17/17,65791,153500,219023,1864,241
5/18/17,63753,149837,219304,1929,270
5/19/17,62143,145832,219564,2310,275
5/20/17,47858,135405,219776,3486,251
5/21/17,54873,160019,220097,4903,287
5/22/17,24627,61049,220269,218,22
5/23/17,60024,139680,220513,1579,224
5/24/17,60621,135482,220735,1558,153
5/25/17,17494,50743,220840,143,27
5/26/17,53763,133402,221049,2224,306
5/27/17,46533,145924,221271,4590,511
5/28/17,46724,151063,221515,5229,374
5/29/17,26321,75825,221745,1149,77
5/30/17,50192,114629,222057,962,204
5/31/17,59494,142097,222764,1596,197
6/1/17,67404,163063,222977,1957,289
6/2/17,66905,157299,223162,2315,357
6/3/17,56263,155712,223356,4627,356
6/4/17,40138,100571,223520,2270,103
6/5/17,55882,123795,223719,1286,204
6/6/17,41268,86679,223834,523,89
6/7/17,64452,149853,223969,1536,258
6/8/17,62652,132716,224131,1631,266
6/9/17,66504,156787,224289,2513,313
6/10/17,57086,150903,224455,4764,296
6/11/17,51427,140711,224654,3941,179
6/12/17,57870,133564,224889,1561,201
6/13/17,60920,129444,225078,1407,179
6/14/17,60510,137988,225231,1573,218
6/15/17,64761,144513,225430,1885,227
6/16/17,56401,128201,225556,1507,177
6/17/17,34899,83755,225683,2243,209
6/18/17,49469,138414,225864,3730,295
6/19/17,38308,88057,226025,878,158
6/20/17,64670,146794,226220,1781,215
6/21/17,67215,154525,226394,1666,258
6/22/17,66304,158453,226589,1818,260
6/23/17,55321,129797,226695,1585,205
6/24/17,52150,141282,226849,4277,314
6/25/17,54645,158625,227015,4527,256
6/26/17,62661,145321,227211,2024,297
6/27/17,64762,151112,227418,1697,229
6/28/17,67740,159263,227679,1893,208
6/29/17,64260,146419,227855,1703,210
6/30/17,58660,132583,228047,2024,293
7/1/17,36737,107126,228157,2828,372
7/2/17,43035,128397,228306,4314,458
7/3/17,48193,130240,228473,3243,316
7/4/17,49924,146441,228669,4929,315
7/5/17,60321,149487,228908,1886,267
7/6/17,62147,140767,229085,1646,264
7/7/17,44068,103656,229241,1283,216
7/8/17,55015,146438,229453,4138,333
7/9/17,57118,159914,229680,4471,340
7/10/17,60908,141463,229933,1546,359
7/11/17,61670,141463,230159,1269,227
7/12/17,61786,132874,230336,1376,179
7/13/17,56475,126527,230514,1322,180
7/14/17,31851,70477,230610,570,101
7/15/17,56499,148067,230772,4761,378
7/16/17,56833,153666,230981,4497,308
7/17/17,62555,141323,231225,1675,289
7/18/17,66234,144623,231416,1724,243
7/19/17,63916,143277,231603,1617,267
7/20/17,59665,131871,231741,1439,229
7/21/17,60074,136330,231882,1929,304
7/22/17,48013,124272,232049,3634,332
7/23/17,46945,117035,232212,3164,249
7/24/17,43793,104460,232359,989,113
7/25/17,65339,148542,232521,1549,285
7/26/17,70329,168603,232674,2054,248
7/27/17,65773,144443,232820,1666,214
7/28/17,63911,151514,232984,2293,297
7/29/17,52955,132509,233138,4085,324
7/30/17,59364,165423,233360,5214,376
7/31/17,64231,153123,233614,1862,263
8/1/17,66676,147654,233824,1813,272
8/2/17,56179,122622,233958,3291,139
8/3/17,66144,146858,234160,1849,257
8/4/17,56391,128749,234312,2212,325
8/5/17,58966,169511,234524,5299,415
8/6/17,56473,161492,234715,4686,292
8/7/17,23395,55927,234851,249,34
8/8/17,65228,145901,235084,1738,331
8/9/17,67874,170524,235283,1952,300
8/10/17,66245,151415,235457,1834,262
8/11/17,63134,147098,235623,2360,358
8/12/17,60531,173581,235890,5409,405
8/13/17,57511,162040,236098,4755,337
8/14/17,61460,139535,236328,1816,294
8/15/17,52460,105695,236504,948,125
8/16/17,68434,159032,236681,1905,251
8/17/17,66654,156810,236872,2087,261
8/18/17,36619,90704,236984,840,124
8/19/17,62440,186037,237324,5992,461
8/20/17,55438,147379,237518,4218,313
8/21/17,61055,138059,237710,1832,277
8/22/17,60541,133409,237878,1477,260
8/23/17,65069,141360,238057,1712,219
8/24/17,66306,151449,238257,1820,315
8/25/17,64217,156344,238406,2316,325
8/26/17,50111,132832,238546,3621,214
8/27/17,54594,145524,238771,4135,278
8/28/17,60885,133126,239016,1616,272
8/29/17,35151,67448,239163,424,104
8/30/17,65328,147325,239347,1760,309
8/31/17,64881,144852,239519,1727,260
9/1/17,54881,129382,239653,1775,294
9/2/17,37810,107949,239785,3359,420
9/3/17,30955,83988,239906,2394,175
9/4/17,55284,164623,240126,5298,362
9/5/17,65443,140362,240378,1607,265
9/6/17,42318,86395,240541,445,90
9/7/17,69571,148669,240750,1542,356
9/8/17,69616,154397,240903,1976,322
9/9/17,60187,150847,241108,4196,272
9/10/17,60750,154588,241329,4056,301
9/11/17,71964,166177,241563,1992,276
9/12/17,74623,161263,241775,1737,238
9/13/17,69616,146802,241991,1471,199
9/14/17,72128,150535,242211,1551,244
9/15/17,72361,160138,242393,2088,323
9/16/17,61077,156839,242552,4304,297
9/17/17,60003,156834,242748,3869,229
9/18/17,64207,138078,242968,1387,190
9/19/17,57977,115451,243128,914,146
9/20/17,71222,150377,243309,1385,202
9/21/17,67799,152463,243503,1690,191
9/22/17,70192,163114,243715,2315,259
9/23/17,62748,165582,243967,4821,322
9/24/17,57503,148926,244277,3681,176
9/25/17,69271,156367,244551,1537,258
9/26/17,71566,156779,244809,1359,257
9/27/17,69942,147977,245051,1268,200
9/28/17,70951,148394,245299,1490,224
9/29/17,67246,141709,245558,1875,288
9/30/17,50200,113613,245923,2694,214
10/1/17,55503,139011,246193,3511,235
10/2/17,65509,141748,246402,1408,242
10/3/17,69105,135800,246566,1258,194
10/4/17,71453,150324,246742,1377,188
10/5/17,70173,150437,246893,1365,251
10/6/17,70249,148395,247025,2104,383
10/7/17,63630,153928,247206,4996,356
10/8/17,41039,100790,247336,2233,192
10/9/17,38390,78912,247453,594,84
10/10/17,74117,155978,247615,2016,312
10/11/17,63587,126748,247767,1146,161
10/12/17,61244,123433,247896,1070,169
10/13/17,67016,136608,248038,1768,308
10/14/17,58771,142476,248167,3680,347
10/15/17,56529,137364,248382,3381,276
10/16/17,61729,125800,248552,997,192
10/17/17,64480,122345,248712,1030,170
10/18/17,70233,147842,248878,1202,249
10/19/17,72311,143664,249016,1491,274
10/20/17,72174,157255,249162,2246,351
10/21/17,65872,169402,249378,5093,276
10/22/17,62148,153444,249596,4596,200
10/23/17,69273,143899,249825,1659,279
10/24/17,48077,95599,249930,466,82
10/25/17,71284,142007,250090,1133,246
10/26/17,64002,123419,250187,973,191
10/27/17,69265,139481,250319,1991,352
10/28/17,61345,143571,250499,4306,317
10/29/17,9537,20810,250556,213,8
10/30/17,49246,95502,250681,771,121
10/31/17,60242,115329,250892,1076,166
11/1/17,60772,111304,250975,717,125
11/2/17,70810,144455,251060,1485,291
11/3/17,71817,147055,251163,2275,335
11/4/17,53433,120119,251269,3086,243
11/5/17,34943,76281,251349,1263,80
11/6/17,57606,116318,251433,1052,133
11/7/17,36361,69588,251487,643,77
11/8/17,54211,107852,251537,597,95
11/9/17,58416,113119,251591,837,171
11/10/17,38432,74794,251614,425,82
11/11/17,28142,55350,251657,832,64
11/12/17,32471,73187,251699,1191,62
11/13/17,38752,72112,251751,314,47
11/14/17,52278,95328,251802,493,59
11/15/17,54230,104590,251842,524,70
11/16/17,49737,93532,251884,521,74
11/17/17,48989,93476,251928,712,74
11/18/17,27745,58136,251965,872,53
11/19/17,31597,66078,252008,1020,64
11/20/17,45120,85295,252041,501,49
11/21/17,52448,95288,252075,960,69
11/22/17,32297,69530,252103,458,64
11/23/17,13705,32527,252115,806,103
11/24/17,23723,64012,252151,1129,95
11/25/17,30510,73542,252184,1995,85
11/26/17,27180,60652,252227,904,63
11/27/17,46732,99410,252277,553,46
11/28/17,51166,97329,252316,455,58
11/29/17,55290,107040,252365,638,71
11/30/17,51699,97110,252414,509,83
12/1/17,50708,99868,252473,695,123
12/2/17,38922,83660,252514,1513,100
12/3/17,33728,77915,252561,1037,66
12/4/17,49630,92142,252618,649,63
12/5/17,41792,85008,252686,381,57
12/6/17,46335,87328,252724,368,55
12/7/17,45367,94653,252761,427,65
12/8/17,41330,81217,252791,443,58
12/9/17,10804,20955,252811,112,15
12/10/17,19815,43621,252830,287,26
12/11/17,41838,81071,252869,456,38
12/12/17,42620,88499,252915,262,42
12/13/17,32623,60051,252942,155,20
12/14/17,27494,49648,252960,134,10
12/15/17,22944,41598,252980,130,9
12/16/17,19060,38766,252992,240,24
12/17/17,22403,49790,253011,343,27
12/18/17,40168,79914,253054,409,34
12/19/17,49503,97301,253087,541,42
12/20/17,41461,78833,253142,422,40
12/21/17,37592,70297,253180,386,47
12/22/17,34338,62387,253212,506,23
12/23/17,9608,24205,253228,112,10
12/24/17,13215,37985,253250,492,39
12/25/17,6479,26767,253293,439,27
12/26/17,14113,32919,253324,220,29
12/27/17,16365,31793,253346,234,33
12/28/17,13419,34438,253365,121,17
12/29/17,13759,29284,253395,177,17
12/30/17,5956,13910,253407,53,10
12/31/17,6569,18326,253443,94,2
1/1/2018,5499,11483,253490,123,7
1/2/2018,18818,39352,253558,125,12
1/3/2018,24299,42853,253591,164,4
1/4/2018,1922,5328,253604,2,1
1/5/2018,4972,14303,253614,14,0
1/6/2018,4294,9479,253624,9,2
1/7/2018,5640,9387,253640,41,4
1/8/2018,15820,31294,253661,45,4
1/9/2018,25090,50981,253690,112,17
1/10/2018,28252,50218,253720,142,18
1/11/2018,33961,66584,253757,244,15
1/12/2018,22252,46403,253786,152,16
1/13/2018,17758,30418,253809,355,31
1/14/2018,12394,32949,253827,183,9
1/15/2018,17637,41770,253857,150,8
1/16/2018,30278,60053,253895,189,13
1/17/2018,19010,36319,253921,52,12
1/18/2018,27662,52573,253952,92,18
1/19/2018,30525,50322,253983,216,15
1/20/2018,28507,59336,254025,1044,41
1/21/2018,27908,61571,254092,1013,26
1/22/2018,36864,68638,254144,345,25
1/23/2018,28796,63693,254191,179,19
1/24/2018,36078,69596,254236,232,32
1/25/2018,31147,51927,254263,181,16
1/26/2018,33073,61857,254301,313,23
1/27/2018,34348,70146,254368,1415,41
1/28/2018,20100,38221,254415,334,22
1/29/2018,36799,68868,254466,274,33
1/30/2018,27996,59260,254492,114,15
1/31/2018,31276,54440,254539,141,19
2/1/2018,35561,66984,254590,212,27
2/2/2018,26313,50427,254620,129,18
2/3/2018,18385,40020,254640,263,23
2/4/2018,13959,35121,254670,224,7
2/5/2018,29068,56061,254725,193,21
2/6/2018,34102,68060,254760,160,18
2/7/2018,15289,31573,254781,30,4
2/8/2018,31563,60985,254806,168,20
2/9/2018,31567,57070,254833,223,25
2/10/2018,16323,37641,254857,343,26
2/11/2018,8809,21167,254877,85,2
2/12/2018,35138,68283,254922,339,40
2/13/2018,35189,69420,254968,252,31
2/14/2018,39591,80081,255002,408,39
2/15/2018,44193,88474,255044,501,28
2/16/2018,29191,57219,255088,316,37
2/17/2018,17921,38834,255118,537,51
2/18/2018,21537,50512,255151,938,40
2/19/2018,25677,62150,255217,553,50
2/20/2018,44478,98129,255306,906,85
2/21/2018,53110,118306,255430,1596,77
2/22/2018,27010,54857,255485,147,18
2/23/2018,25633,49639,255534,165,22
2/24/2018,25550,61251,255597,956,51
2/25/2018,16149,34052,255654,231,18
2/26/2018,42570,84614,255747,448,54
2/27/2018,48514,107682,255836,664,48
2/28/2018,50707,100855,255944,637,52
3/1/2018,45562,91489,256022,571,45
3/2/2018,6855,23277,256050,21,7
3/3/2018,28361,61107,256117,851,56
3/4/2018,25262,60490,256189,704,33
3/5/2018,36774,75190,256263,357,47
3/6/2018,42688,80995,256307,516,27
3/7/2018,8188,22312,256333,16,7
3/8/2018,28440,53403,256360,188,17
3/9/2018,34912,70068,256393,344,43
3/10/2018,25443,59343,256438,689,43
3/11/2018,27596,67622,256517,1173,46
3/12/2018,36339,76569,256578,351,39
3/13/2018,23137,46021,256623,133,14
3/14/2018,35377,62352,256673,269,39
3/15/2018,39572,72192,256724,462,66
3/16/2018,34921,62381,256763,383,55
3/17/2018,27671,62524,256823,1015,56
3/18/2018,25158,55182,256880,839,36
3/19/2018,39278,83086,256933,544,39
3/20/2018,35532,69573,256986,187,17
3/21/2018,3755,11799,257004,3,1
3/22/2018,27308,61715,257040,216,25
3/23/2018,38527,77668,257098,543,55
3/24/2018,34396,79562,257167,1755,88
3/25/2018,25562,62656,257226,710,24
3/26/2018,40295,88831,257315,718,87
3/27/2018,41354,88986,257378,524,63
3/28/2018,41880,80607,257447,586,64
3/29/2018,39288,84590,257501,544,65
3/30/2018,34784,78825,257584,1006,147
3/31/2018,41779,109399,257701,3856,151
4/1/18,33148,94040,257811,2363,264
4/2/18,22062,50418,257889,297,20
4/3/18,25883,59477,257942,189,21
4/4/18,36755,80049,258025,611,48
4/5/18,39814,87382,258086,972,112
4/6/18,35624,83643,258143,918,101
4/7/18,33245,79955,258231,1661,129
4/8/18,28410,67056,258324,1271,75
4/9/18,40509,87612,258423,614,62
4/10/18,43051,89629,258498,475,37
4/11/18,48612,104081,258599,894,114
4/12/18,53168,114400,258754,1095,146
4/13/18,63503,150894,258926,3168,262
4/14/18,62595,185232,259171,7643,346
4/15/18,20440,58497,259252,525,21
4/16/18,26288,65284,259344,452,31
4/17/18,44689,104884,259470,589,85
4/18/18,51110,112664,259583,996,152
4/19/18,38298,79890,259704,407,52
4/20/18,47049,101982,259820,1241,133
4/21/18,63594,179681,260015,3142,214
4/22/18,54282,149532,260257,5399,265
4/23/18,57764,131224,260545,1976,191
4/24/18,58523,126491,260740,1529,159
4/25/18,31213,63086,260861,403,36
4/26/18,66074,150788,261062,2578,294
4/27/18,39153,85566,261172,823,70
4/28/18,56735,158334,261434,6129,369
4/29/18,44825,130649,261651,3594,266
4/30/18,41074,91215,261874,751,66
5/1/18,72035,173896,262154,3155,390
5/2/18,76773,189852,262535,3270,329
5/3/18,69053,165326,262816,2931,282
5/4/18,71197,177291,263103,3595,360
5/5/18,63325,167568,263371,6557,334
5/6/18,48993,120205,263632,3484,289
5/7/18,68915,156297,263992,2973,311
5/8/18,74310,174749,264308,3046,356
5/9/18,78454,183295,264589,3038,303
5/10/18,67454,153260,264852,2408,275
5/11/18,75262,184114,265052,4240,314
5/12/18,34535,91563,265150,2227,92
5/13/18,25985,67247,265260,1237,58
5/14/18,64727,147144,265465,2553,273
5/15/18,52826,118790,265682,1949,186
5/16/18,32766,75694,265811,493,45
5/17/18,49788,107763,265936,1755,113
5/18/18,63112,146437,266075,2663,240
5/19/18,18026,45461,266135,639,53
5/20/18,56946,158983,266399,5458,304
5/21/18,71218,172936,266669,3551,267
5/22/18,48508,109420,266868,1090,103
5/23/18,72653,170812,267098,2952,294
5/24/18,74808,177631,267330,3417,294
5/25/18,69342,174715,267536,4381,336
5/26/18,51592,155957,267703,6129,417
5/27/18,25813,78075,267815,1631,82
5/28/18,49040,140226,268037,5148,267
5/29/18,69090,170334,268305,2896,249
5/30/18,72321,159297,268645,2742,216
5/31/18,55798,123710,268998,1414,101
6/1/18,62890,147780,269167,3049,250
6/2/18,60287,158528,269371,5634,307
6/3/18,50041,134416,269544,3892,154
6/4/18,58910,130774,269763,2372,166
6/5/18,71906,155007,269934,2682,199
6/6/18,69797,154726,270119,2479,173
6/7/18,70478,160532,270274,2808,198
6/8/18,72696,163188,270455,3915,283
6/9/18,65239,171623,270657,6917,292
6/10/18,41639,106867,270825,3136,112
6/11/18,68060,154381,271146,3044,243
6/12/18,76255,166828,271364,3260,215
6/13/18,64270,144934,271541,2044,104
6/14/18,75803,173109,271708,3359,227
6/15/18,72417,160081,271883,4005,296
6/16/18,63182,165240,272071,7037,339
6/17/18,56218,146611,272306,5760,232
6/18/18,63551,136481,272522,2498,206
6/19/18,72168,153883,272780,2902,230
6/20/18,74088,165836,272950,2929,231
6/21/18,70050,158375,273114,3026,262
6/22/18,71084,156062,273291,3736,263
6/23/18,51028,118620,273422,4172,207
6/24/18,55775,152057,273615,5862,232
6/25/18,71747,163026,273820,3441,221
6/26/18,80643,171973,274006,3442,254
6/27/18,67647,140557,274165,2457,183
6/28/18,50431,104860,274290,1967,154
6/29/18,69856,151785,274467,3940,326
6/30/18,54713,134347,274628,5425,360
7/1/18,45265,120484,274813,4209,211
7/2/18,58633,130122,275016,2702,241
7/3/18,54882,113998,275157,2358,199
7/4/18,48368,136287,275304,5662,250
7/5/18,59471,133659,275487,3344,264
7/6/18,49504,111660,275614,2650,189
7/7/18,60916,173852,275793,7284,349
7/8/18,60486,171826,275988,6667,310
7/9/18,70063,153650,276203,3103,283
7/10/18,72501,147441,276399,2999,227
7/11/18,73011,163349,276553,3049,170
7/12/18,74857,161182,276703,3520,231
7/13/18,72113,156285,276858,3998,294
7/14/18,62556,157266,277000,7241,334
7/15/18,52295,132234,277133,5121,248
7/16/18,67072,146307,277344,3101,278
7/17/18,48495,97913,277466,1558,129
7/18/18,75706,169481,277703,3578,247
7/19/18,78004,141327,277891,3938,280
7/20/18,74539,136511,278052,4590,275
7/21/18,53651,114977,278195,6266,309
7/22/18,44284,87253,278338,4316,244
7/23/18,53074,88170,278458,2277,152
7/24/18,69754,117924,278651,2957,162
7/25/18,42988,66587,278742,1474,124
7/26/18,71065,122885,278874,3321,252
7/27/18,49224,82987,278993,2526,251
7/28/18,61543,129505,279147,7004,361
7/29/18,63472,137343,279321,7244,250
7/30/18,69512,123639,279509,3490,333
7/31/18,76253,134233,279702,3637,246
8/1/18,64467,106881,279888,2673,185
8/2/18,69711,118282,280110,2998,217
8/3/18,61962,105765,280279,3145,247
8/4/18,51200,104541,280498,5352,198
8/5/18,58379,122656,280721,6289,309
8/6/18,65686,112585,280922,3022,281
8/7/18,64351,106678,281097,2640,201
8/8/18,70577,120473,281275,2911,267
8/9/18,71976,124150,281441,3379,238
8/10/18,69617,123534,281572,4266,280
8/11/18,36607,69505,281689,2994,141
8/12/18,59834,125265,281881,6407,281
8/13/18,44273,70501,281991,1563,82
8/14/18,63733,107144,282169,2592,211
8/15/18,73124,128453,282317,3565,266
8/16/18,70825,123444,282471,3511,276
8/17/18,63316,109405,282583,3563,232
8/18/18,57284,125508,282795,6672,351
8/19/18,45874,86651,282943,3926,155
8/20/18,67589,118793,283162,3312,224
8/21/18,75214,132261,283358,3683,257
8/22/18,72614,125978,283543,3366,225
8/23/18,73877,130310,283720,3975,331
8/24/18,72894,132952,283884,4794,320
8/25/18,64683,140537,284066,7535,345
8/26/18,60954,132223,284268,6928,302
8/27/18,67630,116967,284457,3350,242
8/28/18,66638,110486,284667,2814,150
8/29/18,65903,107006,284791,2766,171
8/30/18,67900,113385,284938,3218,164
8/31/18,58922,97818,285087,3186,180
9/1/18,54318,116904,285245,6711,439
9/2/18,60828,140923,285368,5562,292
9/3/18,55067,117164,285609,6239,279
9/4/18,68655,114264,285867,2793,215
9/5/18,74981,124919,286102,2934,191
9/6/18,70264,113123,286304,2678,207
9/7/18,74586,127470,286475,3523,227
9/8/18,58284,111254,286637,5442,270
9/9/18,19950,30544,286752,895,16
9/10/18,23949,32472,286847,463,26
9/11/18,66552,109380,286985,2456,193
9/12/18,53241,82748,287120,1650,115
9/13/18,74054,123401,287262,2874,197
9/14/18,74330,128288,287412,3623,298
9/15/18,71185,149524,287622,7570,353
9/16/18,69515,150281,287897,7410,270
9/17/18,71340,118809,288137,2914,162
9/18/18,53077,82768,288266,1433,74
9/19/18,74372,129089,288450,3529,290
9/20/18,76803,129385,288599,3130,235
9/21/18,74940,128273,288719,3677,224
9/22/18,69133,142121,289160,7511,298
9/23/18,55494,104944,289370,4716,184
9/24/18,71631,115888,289524,2615,289
9/25/18,25430,35795,289591,506,65
9/26/18,68007,110772,289698,2423,296
9/27/18,75370,126480,289829,3044,399
9/28/18,57230,90249,289911,1986,296
9/29/18,69321,145920,290170,6960,906
9/30/18,66224,139423,290467,6367,675
10/1/18,71387,120257,290631,2618,307
10/2/18,73113,122234,290788,2666,195
10/3/18,76769,129720,290947,3141,199
10/4/18,70698,116337,291073,2838,222
10/5/18,74744,129597,291166,3979,254
10/6/18,57599,110421,291298,5658,310
10/7/18,60753,127033,291425,6936,277
10/8/18,58256,95097,291549,2865,121
10/9/18,74251,123973,291672,2846,207
10/10/18,77317,132255,291765,3115,202
10/11/18,46862,70173,291862,1323,59
10/12/18,67686,113055,291962,3453,255
10/13/18,54747,100652,292029,2430,125
10/14/18,54297,103697,292158,4805,204
10/15/18,59181,92219,292262,1958,95
10/16/18,66661,104171,292370,2200,158
10/17/18,67868,107762,292469,2341,134
10/18/18,61668,94356,292519,1969,143
10/19/18,64735,105730,292604,3012,192
10/20/18,56281,109142,292711,5644,309
10/21/18,39192,64764,292811,2488,100
10/22/18,57919,88293,292899,1721,133
10/23/18,68086,110293,292992,2356,181
10/24/18,64203,98615,293077,1942,97
10/25/18,61637,95827,293309,2003,146
10/26/18,59861,92569,293508,2292,131
10/27/18,13124,17949,293542,333,11
10/28/18,42502,74540,293611,3134,154
10/29/18,60028,92882,293722,1853,156
10/30/18,65545,102834,293819,1957,141
10/31/18,68447,114039,294007,2544,225
11/1/18,74260,128502,294111,3288,245
11/2/18,63746,105906,294186,2817,237
11/3/18,49127,89639,294256,4200,199
11/4/18,50713,98021,294329,5107,99
11/5/18,33345,47328,294396,776,31
11/6/18,40271,56313,294442,1186,29
11/7/18,67925,112354,294527,2590,189
11/8/18,64441,103621,294595,2191,146
11/9/18,36952,54282,294647,1064,63
11/10/18,37809,63740,294689,2649,132
11/11/18,36612,64197,294744,2763,78
11/12/18,51341,79338,294792,1707,79
11/13/18,36957,52453,294838,751,27
11/14/18,49621,70932,294882,935,30
11/15/18,24948,35594,294900,407,24
11/16/18,34447,49576,294915,761,48
11/17/18,37974,61206,294951,2257,56
11/18/18,34390,55093,294988,1916,45
11/19/18,54540,83935,295037,1522,84
11/20/18,51910,75746,295070,1259,37
11/21/18,40417,58441,295112,1050,39
11/22/18,8798,12626,295200,369,20
11/23/18,16107,23143,295439,597,26
11/24/18,20087,32011,295530,1137,41
11/25/18,34519,60831,295688,2521,36
11/26/18,29189,42333,296251,499,18
11/27/18,49979,74556,296351,802,31
11/28/18,48433,69352,296405,777,29
11/29/18,51468,76715,296452,1054,51
11/30/18,46001,67098,296497,1065,47
12/1/18,37989,62304,296553,2256,37
12/2/18,18418,26501,296584,554,11
12/3/18,53974,85524,296664,1308,62
12/4/18,49058,71843,296708,867,27
12/5/18,46779,67536,296753,814,38
12/6/18,46543,66885,296798,910,40
12/7/18,43841,63353,296843,948,52
12/8/18,29909,44552,296867,1271,46
12/9/18,27547,40886,296897,1064,23
12/10/18,43358,62699,296938,762,25
12/11/18,47335,68321,296974,823,20
12/12/18,47717,68600,297005,748,28
12/13/18,40736,57295,297042,593,14
12/14/18,44775,66633,297078,1137,44
12/15/18,36423,57244,297119,1902,45
12/16/18,9835,13599,297131,203,4
12/17/18,45382,66449,297173,909,32
12/18/18,41703,58360,297205,656,22
12/19/18,44096,63165,297238,877,22
12/20/18,34026,48713,297269,751,20
12/21/18,23996,34450,297290,481,24
12/22/18,24870,36653,297327,1088,25
12/23/18,22230,35921,297355,1298,37
12/24/18,18990,27246,297387,681,18
12/25/18,11177,21483,297426,1080,38
12/26/18,25358,39176,297487,1118,49
12/27/18,31169,48943,297527,1510,51
12/28/18,12039,17576,297555,334,25
12/29/18,29037,54116,297622,2677,104
12/30/18,22536,37741,297682,1562,51
12/31/18,18936,29794,297748,962,31
